<?xml version="1.0" encoding="UTF-8"?>
<root>
  <item name="com.android.immersive.model.DefaultAttribute fitsSystemWindows">
    <annotation name="android.support.annotation.IntDef">
      <val name="value" val="{com.android.immersive.interfaces.ImmersiveBoolean.NULL, com.android.immersive.interfaces.ImmersiveBoolean.TRUE, com.android.immersive.interfaces.ImmersiveBoolean.FALSE}" />
    </annotation>
  </item>
  <item name="com.android.immersive.model.DefaultAttribute immersiveStatus">
    <annotation name="android.support.annotation.IntDef">
      <val name="value" val="{com.android.immersive.interfaces.ImmersiveStatus.NO_IMMERSIVE, com.android.immersive.interfaces.ImmersiveStatus.COLOR_IMMERSIVE, com.android.immersive.interfaces.ImmersiveStatus.TRANSLUCENT_IMMERSIVE, com.android.immersive.interfaces.ImmersiveStatus.OTHER_IMMERSIVE}" />
    </annotation>
  </item>
  <item name="com.android.immersive.model.DefaultAttribute int getFitsSystemWindows()">
    <annotation name="android.support.annotation.IntDef">
      <val name="value" val="{com.android.immersive.interfaces.ImmersiveBoolean.NULL, com.android.immersive.interfaces.ImmersiveBoolean.TRUE, com.android.immersive.interfaces.ImmersiveBoolean.FALSE}" />
    </annotation>
  </item>
  <item name="com.android.immersive.model.DefaultAttribute int getNavigationBarVisible()">
    <annotation name="android.support.annotation.IntDef">
      <val name="value" val="{com.android.immersive.interfaces.ImmersiveBoolean.NULL, com.android.immersive.interfaces.ImmersiveBoolean.TRUE, com.android.immersive.interfaces.ImmersiveBoolean.FALSE}" />
    </annotation>
  </item>
  <item name="com.android.immersive.model.DefaultAttribute int getStatusBarFontStyle()">
    <annotation name="android.support.annotation.IntDef">
      <val name="value" val="{com.android.immersive.interfaces.ImmersiveFontStyle.NULL, com.android.immersive.interfaces.ImmersiveFontStyle.WHITE, com.android.immersive.interfaces.ImmersiveFontStyle.BLACK}" />
    </annotation>
  </item>
  <item name="com.android.immersive.model.DefaultAttribute int getStatusBarVisible()">
    <annotation name="android.support.annotation.IntDef">
      <val name="value" val="{com.android.immersive.interfaces.ImmersiveBoolean.NULL, com.android.immersive.interfaces.ImmersiveBoolean.TRUE, com.android.immersive.interfaces.ImmersiveBoolean.FALSE}" />
    </annotation>
  </item>
  <item name="com.android.immersive.model.DefaultAttribute navigationBarVisible">
    <annotation name="android.support.annotation.IntDef">
      <val name="value" val="{com.android.immersive.interfaces.ImmersiveBoolean.NULL, com.android.immersive.interfaces.ImmersiveBoolean.TRUE, com.android.immersive.interfaces.ImmersiveBoolean.FALSE}" />
    </annotation>
  </item>
  <item name="com.android.immersive.model.DefaultAttribute statusBarFontStyle">
    <annotation name="android.support.annotation.IntDef">
      <val name="value" val="{com.android.immersive.interfaces.ImmersiveFontStyle.NULL, com.android.immersive.interfaces.ImmersiveFontStyle.WHITE, com.android.immersive.interfaces.ImmersiveFontStyle.BLACK}" />
    </annotation>
  </item>
  <item name="com.android.immersive.model.DefaultAttribute statusBarVisible">
    <annotation name="android.support.annotation.IntDef">
      <val name="value" val="{com.android.immersive.interfaces.ImmersiveBoolean.NULL, com.android.immersive.interfaces.ImmersiveBoolean.TRUE, com.android.immersive.interfaces.ImmersiveBoolean.FALSE}" />
    </annotation>
  </item>
  <item name="com.android.immersive.model.DefaultAttribute.AttributeRefresher com.android.immersive.interfaces.ImmersiveAttribute.Refresher setFitsSystemWindows(int) 0">
    <annotation name="android.support.annotation.IntDef">
      <val name="value" val="{com.android.immersive.interfaces.ImmersiveBoolean.NULL, com.android.immersive.interfaces.ImmersiveBoolean.TRUE, com.android.immersive.interfaces.ImmersiveBoolean.FALSE}" />
    </annotation>
  </item>
  <item name="com.android.immersive.model.DefaultAttribute.AttributeRefresher com.android.immersive.interfaces.ImmersiveAttribute.Refresher setNavigationBarVisible(int) 0">
    <annotation name="android.support.annotation.IntDef">
      <val name="value" val="{com.android.immersive.interfaces.ImmersiveBoolean.NULL, com.android.immersive.interfaces.ImmersiveBoolean.TRUE, com.android.immersive.interfaces.ImmersiveBoolean.FALSE}" />
    </annotation>
  </item>
  <item name="com.android.immersive.model.DefaultAttribute.AttributeRefresher com.android.immersive.interfaces.ImmersiveAttribute.Refresher setStatusBarVisible(int) 0">
    <annotation name="android.support.annotation.IntDef">
      <val name="value" val="{com.android.immersive.interfaces.ImmersiveBoolean.NULL, com.android.immersive.interfaces.ImmersiveBoolean.TRUE, com.android.immersive.interfaces.ImmersiveBoolean.FALSE}" />
    </annotation>
  </item>
</root>

