<?xml version="1.0" encoding="UTF-8"?>
<root>
  <item name="com.android.immersive.utils.OS.Name">
    <annotation name="android.support.annotation.StringDef">
      <val name="value" val="{com.android.immersive.utils.OS.Name.ROM_MIUI, com.android.immersive.utils.OS.Name.ROM_EMUI, com.android.immersive.utils.OS.Name.ROM_FLYME, com.android.immersive.utils.OS.Name.ROM_OPPO, com.android.immersive.utils.OS.Name.ROM_SMARTISAN, com.android.immersive.utils.OS.Name.ROM_VIVO}" />
    </annotation>
  </item>
  <item name="com.android.immersive.utils.OS.VersionKey">
    <annotation name="android.support.annotation.StringDef">
      <val name="value" val="{com.android.immersive.utils.OS.VersionKey.KEY_VERSION_MIUI, com.android.immersive.utils.OS.VersionKey.KEY_VERSION_EMUI, com.android.immersive.utils.OS.VersionKey.KEY_VERSION_OPPO, com.android.immersive.utils.OS.VersionKey.KEY_VERSION_SMARTISAN, com.android.immersive.utils.OS.VersionKey.KEY_VERSION_VIVO}" />
    </annotation>
  </item>
  <item name="com.android.immersive.utils.OS.VersionTime">
    <annotation name="android.support.annotation.StringDef">
      <val name="value" val="{com.android.immersive.utils.OS.VersionTime.KEY_VERSION_TIME_MIUI}" />
    </annotation>
  </item>
</root>

